{
  "pack": {
    "name": "HR Governance Library Pack (Egypt - regulated NBFI/Microfinance)",
    "generated_on": "2026-02-18",
    "ownership_model": "HR + cross-ownership (HR/IT/Compliance/Legal)",
    "notes": [
      "Best-practice HR library structure ready for mapping to Egyptian laws and FRA requirements.",
      "Use the Obligations Mapping template to map legal/regulatory clauses to required HR artifacts and compute readiness."
    ]
  },
  "doc_types": [
    {
      "type": "POLICY",
      "definition": "Top-level intent, rules, governance. Stable, approved by BOD/ExCom as applicable."
    },
    {
      "type": "PROCEDURE",
      "definition": "How the policy is executed. Department-owned with compliance/legal review."
    },
    {
      "type": "SOP",
      "definition": "Step-by-step operational instructions for repeatable tasks."
    },
    {
      "type": "REGISTER",
      "definition": "Structured log to evidence ongoing compliance and enable metrics."
    },
    {
      "type": "FORM",
      "definition": "Standard form/template used to execute procedures and maintain evidence."
    }
  ],
  "ownership": {
    "primary_roles": [
      "HR",
      "IT",
      "Compliance",
      "Legal"
    ],
    "common_rules": [
      "HR owns employment lifecycle, records, employee relations, training administration.",
      "IT owns systems access enforcement; HR triggers Joiner/Mover/Leaver; Compliance audits; Legal reviews contracts and disciplinary templates.",
      "Compliance owns regulatory mapping, monitoring, internal controls testing; Legal owns legal interpretation and contract language."
    ]
  },
  "domains": [
    "HR Governance & Compliance",
    "Employment Lifecycle",
    "Payroll & Benefits",
    "HR Data Privacy & Records",
    "Health, Safety & Wellbeing",
    "Security & Access Lifecycle (HR-IT Shared)",
    "Third Parties & Outsourcing (HR)"
  ],
  "catalog": {
    "POLICY": [
      {
        "id": "HR-POL-001",
        "title": "HR Policy Framework & Document Control",
        "owner_primary": "HR",
        "owner_supporting": "Compliance;Legal",
        "domain": "HR Governance & Compliance",
        "mapping_tags": "ISO27001/NIST/CIS/Governance",
        "review_frequency": "Annual"
      },
      {
        "id": "HR-POL-002",
        "title": "HR Legal & Regulatory Compliance",
        "owner_primary": "Compliance",
        "owner_supporting": "HR;Legal",
        "domain": "HR Governance & Compliance",
        "mapping_tags": "FRA/Laws/Governance",
        "review_frequency": "Quarterly"
      },
      {
        "id": "HR-POL-003",
        "title": "Code of Conduct & Ethics (HR aspects)",
        "owner_primary": "Compliance",
        "owner_supporting": "HR;Legal",
        "domain": "HR Governance & Compliance",
        "mapping_tags": "Governance",
        "review_frequency": "Annual"
      },
      {
        "id": "HR-POL-004",
        "title": "Anti-Bribery / Gifts & Hospitality (HR aspects)",
        "owner_primary": "Compliance",
        "owner_supporting": "HR;Legal",
        "domain": "HR Governance & Compliance",
        "mapping_tags": "Governance",
        "review_frequency": "Annual"
      },
      {
        "id": "HR-POL-005",
        "title": "Conflicts of Interest (HR disclosures)",
        "owner_primary": "Compliance",
        "owner_supporting": "HR;Legal",
        "domain": "HR Governance & Compliance",
        "mapping_tags": "Governance",
        "review_frequency": "Annual"
      },
      {
        "id": "HR-POL-006",
        "title": "Speak-Up / Whistleblowing & Non-Retaliation",
        "owner_primary": "Compliance",
        "owner_supporting": "HR;Legal",
        "domain": "HR Governance & Compliance",
        "mapping_tags": "Governance",
        "review_frequency": "Annual"
      },
      {
        "id": "HR-POL-007",
        "title": "Disciplinary & Grievance",
        "owner_primary": "HR",
        "owner_supporting": "Legal;Compliance",
        "domain": "HR Governance & Compliance",
        "mapping_tags": "Labor Law/Governance",
        "review_frequency": "Annual"
      },
      {
        "id": "HR-POL-008",
        "title": "Equal Opportunity / Anti-Discrimination",
        "owner_primary": "HR",
        "owner_supporting": "Legal;Compliance",
        "domain": "HR Governance & Compliance",
        "mapping_tags": "Labor Law",
        "review_frequency": "Annual"
      },
      {
        "id": "HR-POL-009",
        "title": "Anti-Harassment & Workplace Bullying",
        "owner_primary": "HR",
        "owner_supporting": "Legal;Compliance",
        "domain": "HR Governance & Compliance",
        "mapping_tags": "Labor Law",
        "review_frequency": "Annual"
      },
      {
        "id": "HR-POL-010",
        "title": "Workplace Violence Prevention",
        "owner_primary": "HR",
        "owner_supporting": "Legal;Compliance",
        "domain": "Health, Safety & Wellbeing",
        "mapping_tags": "H&S/Labor",
        "review_frequency": "Annual"
      },
      {
        "id": "HR-POL-011",
        "title": "Diversity, Equity & Inclusion (optional)",
        "owner_primary": "HR",
        "owner_supporting": "Compliance;Legal",
        "domain": "HR Governance & Compliance",
        "mapping_tags": "Best practice",
        "review_frequency": "Annual"
      },
      {
        "id": "HR-POL-012",
        "title": "Recruitment & Selection",
        "owner_primary": "HR",
        "owner_supporting": "Legal;Compliance",
        "domain": "Employment Lifecycle",
        "mapping_tags": "Labor/Best practice",
        "review_frequency": "Annual"
      },
      {
        "id": "HR-POL-013",
        "title": "Employment Contracts & Employee Classification",
        "owner_primary": "Legal",
        "owner_supporting": "HR;Compliance",
        "domain": "Employment Lifecycle",
        "mapping_tags": "Labor/Tax/Social Insurance",
        "review_frequency": "Annual"
      },
      {
        "id": "HR-POL-014",
        "title": "Onboarding & Probation",
        "owner_primary": "HR",
        "owner_supporting": "IT;Legal;Compliance",
        "domain": "Employment Lifecycle",
        "mapping_tags": "Labor/ISO27001",
        "review_frequency": "Annual"
      },
      {
        "id": "HR-POL-015",
        "title": "Working Hours, Attendance & Timekeeping",
        "owner_primary": "HR",
        "owner_supporting": "Legal;Compliance",
        "domain": "Employment Lifecycle",
        "mapping_tags": "Labor",
        "review_frequency": "Annual"
      },
      {
        "id": "HR-POL-016",
        "title": "Leave & Holidays",
        "owner_primary": "HR",
        "owner_supporting": "Legal;Compliance",
        "domain": "Employment Lifecycle",
        "mapping_tags": "Labor/Social Insurance",
        "review_frequency": "Annual"
      },
      {
        "id": "HR-POL-017",
        "title": "Remote/Hybrid Work",
        "owner_primary": "HR",
        "owner_supporting": "IT;Legal;Compliance",
        "domain": "Employment Lifecycle",
        "mapping_tags": "Security/Labor",
        "review_frequency": "Annual"
      },
      {
        "id": "HR-POL-018",
        "title": "Performance Management",
        "owner_primary": "HR",
        "owner_supporting": "Compliance;Legal",
        "domain": "Employment Lifecycle",
        "mapping_tags": "Governance",
        "review_frequency": "Annual"
      },
      {
        "id": "HR-POL-019",
        "title": "Promotion & Internal Mobility",
        "owner_primary": "HR",
        "owner_supporting": "Legal;Compliance",
        "domain": "Employment Lifecycle",
        "mapping_tags": "Governance",
        "review_frequency": "Annual"
      },
      {
        "id": "HR-POL-020",
        "title": "Compensation & Benefits",
        "owner_primary": "HR",
        "owner_supporting": "Finance;Legal;Compliance",
        "domain": "Payroll & Benefits",
        "mapping_tags": "Tax/Social Insurance",
        "review_frequency": "Annual"
      },
      {
        "id": "HR-POL-021",
        "title": "Payroll Governance",
        "owner_primary": "Finance",
        "owner_supporting": "HR;Compliance;Legal",
        "domain": "Payroll & Benefits",
        "mapping_tags": "Tax/Social Insurance",
        "review_frequency": "Quarterly"
      },
      {
        "id": "HR-POL-022",
        "title": "Training & Development",
        "owner_primary": "HR",
        "owner_supporting": "Compliance;IT",
        "domain": "Employment Lifecycle",
        "mapping_tags": "ISO27001/CIS",
        "review_frequency": "Annual"
      },
      {
        "id": "HR-POL-023",
        "title": "Employee Relations",
        "owner_primary": "HR",
        "owner_supporting": "Legal;Compliance",
        "domain": "HR Governance & Compliance",
        "mapping_tags": "Labor",
        "review_frequency": "Annual"
      },
      {
        "id": "HR-POL-024",
        "title": "Offboarding / Termination & Exit",
        "owner_primary": "HR",
        "owner_supporting": "IT;Legal;Compliance;Finance",
        "domain": "Employment Lifecycle",
        "mapping_tags": "Labor/ISO27001",
        "review_frequency": "Annual"
      },
      {
        "id": "HR-POL-025",
        "title": "Succession Planning (key roles)",
        "owner_primary": "HR",
        "owner_supporting": "Compliance;Legal",
        "domain": "Employment Lifecycle",
        "mapping_tags": "Governance",
        "review_frequency": "Annual"
      },
      {
        "id": "HR-POL-026",
        "title": "Employee Data Privacy & Confidentiality",
        "owner_primary": "Legal",
        "owner_supporting": "HR;IT;Compliance",
        "domain": "HR Data Privacy & Records",
        "mapping_tags": "DP Law/ISO27001",
        "review_frequency": "Annual"
      },
      {
        "id": "HR-POL-027",
        "title": "HR Records Retention & Disposal",
        "owner_primary": "HR",
        "owner_supporting": "Legal;Compliance",
        "domain": "HR Data Privacy & Records",
        "mapping_tags": "DP Law/Governance",
        "review_frequency": "Annual"
      },
      {
        "id": "HR-POL-028",
        "title": "Personnel File Access & Correction",
        "owner_primary": "HR",
        "owner_supporting": "Legal;Compliance",
        "domain": "HR Data Privacy & Records",
        "mapping_tags": "DP Law",
        "review_frequency": "Annual"
      },
      {
        "id": "HR-POL-029",
        "title": "Background Checks & Screening",
        "owner_primary": "HR",
        "owner_supporting": "Legal;Compliance",
        "domain": "Employment Lifecycle",
        "mapping_tags": "ISO27001/Labor",
        "review_frequency": "Annual"
      },
      {
        "id": "HR-POL-030",
        "title": "HR Third-Party / Outsourcing",
        "owner_primary": "Compliance",
        "owner_supporting": "HR;Legal;IT",
        "domain": "Third Parties & Outsourcing (HR)",
        "mapping_tags": "FRA/Outsourcing/DP",
        "review_frequency": "Annual"
      },
      {
        "id": "HR-POL-031",
        "title": "Occupational Health & Safety",
        "owner_primary": "HR",
        "owner_supporting": "HSE;Legal;Compliance",
        "domain": "Health, Safety & Wellbeing",
        "mapping_tags": "H&S",
        "review_frequency": "Annual"
      },
      {
        "id": "HR-POL-032",
        "title": "Incident Reporting (H&S)",
        "owner_primary": "HR",
        "owner_supporting": "HSE;Legal;Compliance",
        "domain": "Health, Safety & Wellbeing",
        "mapping_tags": "H&S",
        "review_frequency": "Annual"
      },
      {
        "id": "HR-POL-033",
        "title": "Business Continuity for HR / Workforce Resilience",
        "owner_primary": "Compliance",
        "owner_supporting": "HR;IT;Legal",
        "domain": "HR Governance & Compliance",
        "mapping_tags": "BCP/Governance",
        "review_frequency": "Annual"
      },
      {
        "id": "HR-POL-034",
        "title": "Wellbeing & Employee Assistance (if applicable)",
        "owner_primary": "HR",
        "owner_supporting": "Compliance",
        "domain": "Health, Safety & Wellbeing",
        "mapping_tags": "Best practice",
        "review_frequency": "Annual"
      },
      {
        "id": "HR-POL-035",
        "title": "Acceptable Use & HR User Responsibilities",
        "owner_primary": "IT",
        "owner_supporting": "HR;Compliance;Legal",
        "domain": "Security & Access Lifecycle (HR-IT Shared)",
        "mapping_tags": "ISO27001/CIS",
        "review_frequency": "Annual"
      },
      {
        "id": "HR-POL-036",
        "title": "Access Rights – Joiner/Mover/Leaver (JML)",
        "owner_primary": "IT",
        "owner_supporting": "HR;Compliance",
        "domain": "Security & Access Lifecycle (HR-IT Shared)",
        "mapping_tags": "ISO27001/CIS",
        "review_frequency": "Quarterly"
      },
      {
        "id": "HR-POL-037",
        "title": "Segregation of Duties & Privileged Access (HR approvals)",
        "owner_primary": "IT",
        "owner_supporting": "HR;Compliance;Legal",
        "domain": "Security & Access Lifecycle (HR-IT Shared)",
        "mapping_tags": "ISO27001/NIST",
        "review_frequency": "Quarterly"
      },
      {
        "id": "HR-POL-038",
        "title": "Security Awareness & Mandatory Training",
        "owner_primary": "IT",
        "owner_supporting": "HR;Compliance",
        "domain": "Security & Access Lifecycle (HR-IT Shared)",
        "mapping_tags": "ISO27001/CIS",
        "review_frequency": "Quarterly"
      },
      {
        "id": "HR-POL-039",
        "title": "BYOD / Mobile (if allowed)",
        "owner_primary": "IT",
        "owner_supporting": "HR;Compliance;Legal",
        "domain": "Security & Access Lifecycle (HR-IT Shared)",
        "mapping_tags": "ISO27001/CIS",
        "review_frequency": "Annual"
      }
    ],
    "PROCEDURE": [
      {
        "id": "HR-PROC-001",
        "title": "HR policy publishing + review cycle",
        "owner_primary": "HR",
        "owner_supporting": "Compliance;Legal",
        "domain": "HR Governance & Compliance"
      },
      {
        "id": "HR-PROC-002",
        "title": "Compliance obligations register (HR laws/regulations) maintenance",
        "owner_primary": "Compliance",
        "owner_supporting": "HR;Legal",
        "domain": "HR Governance & Compliance"
      },
      {
        "id": "HR-PROC-003",
        "title": "Conflict of interest collection & annual attestation",
        "owner_primary": "Compliance",
        "owner_supporting": "HR;Legal",
        "domain": "HR Governance & Compliance"
      },
      {
        "id": "HR-PROC-004",
        "title": "Whistleblowing intake + investigation routing",
        "owner_primary": "Compliance",
        "owner_supporting": "HR;Legal",
        "domain": "HR Governance & Compliance"
      },
      {
        "id": "HR-PROC-005",
        "title": "Disciplinary case handling",
        "owner_primary": "HR",
        "owner_supporting": "Legal;Compliance",
        "domain": "HR Governance & Compliance"
      },
      {
        "id": "HR-PROC-006",
        "title": "Grievance handling & escalation",
        "owner_primary": "HR",
        "owner_supporting": "Legal;Compliance",
        "domain": "HR Governance & Compliance"
      },
      {
        "id": "HR-PROC-007",
        "title": "Harassment complaint handling",
        "owner_primary": "HR",
        "owner_supporting": "Legal;Compliance",
        "domain": "HR Governance & Compliance"
      },
      {
        "id": "HR-PROC-008",
        "title": "Ethics training assignment & tracking",
        "owner_primary": "Compliance",
        "owner_supporting": "HR",
        "domain": "HR Governance & Compliance"
      },
      {
        "id": "HR-PROC-009",
        "title": "Manpower request & job requisition approval",
        "owner_primary": "HR",
        "owner_supporting": "Finance;Compliance",
        "domain": "Employment Lifecycle"
      },
      {
        "id": "HR-PROC-010",
        "title": "Job description creation & grading",
        "owner_primary": "HR",
        "owner_supporting": "Legal;Compliance",
        "domain": "Employment Lifecycle"
      },
      {
        "id": "HR-PROC-011",
        "title": "Candidate sourcing & selection",
        "owner_primary": "HR",
        "owner_supporting": "Compliance",
        "domain": "Employment Lifecycle"
      },
      {
        "id": "HR-PROC-012",
        "title": "Interview panel + evaluation scoring",
        "owner_primary": "HR",
        "owner_supporting": "Compliance",
        "domain": "Employment Lifecycle"
      },
      {
        "id": "HR-PROC-013",
        "title": "Pre-employment screening",
        "owner_primary": "HR",
        "owner_supporting": "Legal;Compliance",
        "domain": "Employment Lifecycle"
      },
      {
        "id": "HR-PROC-014",
        "title": "Offer creation & approvals",
        "owner_primary": "HR",
        "owner_supporting": "Legal;Finance",
        "domain": "Employment Lifecycle"
      },
      {
        "id": "HR-PROC-015",
        "title": "Contract issuance + signing + archiving",
        "owner_primary": "Legal",
        "owner_supporting": "HR",
        "domain": "Employment Lifecycle"
      },
      {
        "id": "HR-PROC-016",
        "title": "Onboarding checklist execution",
        "owner_primary": "HR",
        "owner_supporting": "IT;Compliance",
        "domain": "Employment Lifecycle"
      },
      {
        "id": "HR-PROC-017",
        "title": "Probation review",
        "owner_primary": "HR",
        "owner_supporting": "Line Manager;Legal",
        "domain": "Employment Lifecycle"
      },
      {
        "id": "HR-PROC-018",
        "title": "Attendance capture & exception handling",
        "owner_primary": "HR",
        "owner_supporting": "IT;Compliance",
        "domain": "Employment Lifecycle"
      },
      {
        "id": "HR-PROC-019",
        "title": "Leave request/approval",
        "owner_primary": "HR",
        "owner_supporting": "Line Manager",
        "domain": "Employment Lifecycle"
      },
      {
        "id": "HR-PROC-020",
        "title": "Sick leave validation",
        "owner_primary": "HR",
        "owner_supporting": "Medical Provider;Legal",
        "domain": "Employment Lifecycle"
      },
      {
        "id": "HR-PROC-021",
        "title": "Overtime request/approval",
        "owner_primary": "HR",
        "owner_supporting": "Line Manager;Finance",
        "domain": "Employment Lifecycle"
      },
      {
        "id": "HR-PROC-022",
        "title": "Performance cycle (goals/midyear/year-end)",
        "owner_primary": "HR",
        "owner_supporting": "Line Manager",
        "domain": "Employment Lifecycle"
      },
      {
        "id": "HR-PROC-023",
        "title": "Performance Improvement Plan (PIP)",
        "owner_primary": "HR",
        "owner_supporting": "Legal;Line Manager",
        "domain": "Employment Lifecycle"
      },
      {
        "id": "HR-PROC-024",
        "title": "Promotion/transfer",
        "owner_primary": "HR",
        "owner_supporting": "Legal;Line Manager",
        "domain": "Employment Lifecycle"
      },
      {
        "id": "HR-PROC-025",
        "title": "Training nomination & approval",
        "owner_primary": "HR",
        "owner_supporting": "Compliance;Line Manager",
        "domain": "Employment Lifecycle"
      },
      {
        "id": "HR-PROC-026",
        "title": "Training effectiveness evaluation",
        "owner_primary": "HR",
        "owner_supporting": "Compliance",
        "domain": "Employment Lifecycle"
      },
      {
        "id": "HR-PROC-027",
        "title": "Payroll input collection & cutoff",
        "owner_primary": "Finance",
        "owner_supporting": "HR",
        "domain": "Payroll & Benefits"
      },
      {
        "id": "HR-PROC-028",
        "title": "Payroll processing & reconciliation",
        "owner_primary": "Finance",
        "owner_supporting": "HR;Compliance",
        "domain": "Payroll & Benefits"
      },
      {
        "id": "HR-PROC-029",
        "title": "Salary/allowance changes",
        "owner_primary": "HR",
        "owner_supporting": "Finance;Legal",
        "domain": "Payroll & Benefits"
      },
      {
        "id": "HR-PROC-030",
        "title": "Loan/advance deductions (if applicable)",
        "owner_primary": "Finance",
        "owner_supporting": "HR;Legal",
        "domain": "Payroll & Benefits"
      },
      {
        "id": "HR-PROC-031",
        "title": "Benefits enrollment/changes",
        "owner_primary": "HR",
        "owner_supporting": "Finance;Legal",
        "domain": "Payroll & Benefits"
      },
      {
        "id": "HR-PROC-032",
        "title": "Social insurance registration/update",
        "owner_primary": "HR",
        "owner_supporting": "Finance;Legal",
        "domain": "Payroll & Benefits"
      },
      {
        "id": "HR-PROC-033",
        "title": "Payroll tax handling (coordination with Finance)",
        "owner_primary": "Finance",
        "owner_supporting": "HR;Legal",
        "domain": "Payroll & Benefits"
      },
      {
        "id": "HR-PROC-034",
        "title": "Personnel file creation + updates",
        "owner_primary": "HR",
        "owner_supporting": "Legal",
        "domain": "HR Data Privacy & Records"
      },
      {
        "id": "HR-PROC-035",
        "title": "HR records retention schedule execution",
        "owner_primary": "HR",
        "owner_supporting": "Legal;Compliance",
        "domain": "HR Data Privacy & Records"
      },
      {
        "id": "HR-PROC-036",
        "title": "Employee data access/correction requests",
        "owner_primary": "Legal",
        "owner_supporting": "HR;Compliance",
        "domain": "HR Data Privacy & Records"
      },
      {
        "id": "HR-PROC-037",
        "title": "HR document disposal & shredding",
        "owner_primary": "HR",
        "owner_supporting": "Legal;Compliance",
        "domain": "HR Data Privacy & Records"
      },
      {
        "id": "HR-PROC-038",
        "title": "HR vendor onboarding + due diligence",
        "owner_primary": "Compliance",
        "owner_supporting": "HR;Legal",
        "domain": "Third Parties & Outsourcing (HR)"
      },
      {
        "id": "HR-PROC-039",
        "title": "HR system access request/approval",
        "owner_primary": "IT",
        "owner_supporting": "HR;Compliance",
        "domain": "Security & Access Lifecycle (HR-IT Shared)"
      },
      {
        "id": "HR-PROC-040",
        "title": "Resignation handling",
        "owner_primary": "HR",
        "owner_supporting": "Legal;Line Manager",
        "domain": "Employment Lifecycle"
      },
      {
        "id": "HR-PROC-041",
        "title": "Termination for cause",
        "owner_primary": "HR",
        "owner_supporting": "Legal;Compliance",
        "domain": "Employment Lifecycle"
      },
      {
        "id": "HR-PROC-042",
        "title": "Exit interview",
        "owner_primary": "HR",
        "owner_supporting": "Line Manager",
        "domain": "Employment Lifecycle"
      },
      {
        "id": "HR-PROC-043",
        "title": "Final settlement (HR + Finance)",
        "owner_primary": "Finance",
        "owner_supporting": "HR;Legal",
        "domain": "Payroll & Benefits"
      },
      {
        "id": "HR-PROC-044",
        "title": "Asset return & access removal trigger (JML offboarding)",
        "owner_primary": "HR",
        "owner_supporting": "IT;Admin",
        "domain": "Security & Access Lifecycle (HR-IT Shared)"
      },
      {
        "id": "HR-PROC-045",
        "title": "Experience letter & references",
        "owner_primary": "HR",
        "owner_supporting": "Legal",
        "domain": "Employment Lifecycle"
      },
      {
        "id": "HR-PROC-046",
        "title": "Workplace incident reporting",
        "owner_primary": "HR",
        "owner_supporting": "HSE;Compliance",
        "domain": "Health, Safety & Wellbeing"
      },
      {
        "id": "HR-PROC-047",
        "title": "Emergency response coordination",
        "owner_primary": "HR",
        "owner_supporting": "HSE;Admin",
        "domain": "Health, Safety & Wellbeing"
      },
      {
        "id": "HR-PROC-048",
        "title": "H&S training and induction",
        "owner_primary": "HR",
        "owner_supporting": "HSE",
        "domain": "Health, Safety & Wellbeing"
      }
    ],
    "SOP": [
      {
        "id": "HR-SOP-001",
        "title": "Create/Update Employee File",
        "owner_primary": "HR",
        "owner_supporting": "Legal",
        "domain": "HR Data Privacy & Records"
      },
      {
        "id": "HR-SOP-002",
        "title": "Issue Offer Letter",
        "owner_primary": "HR",
        "owner_supporting": "Legal",
        "domain": "Employment Lifecycle"
      },
      {
        "id": "HR-SOP-003",
        "title": "Prepare Employment Contract",
        "owner_primary": "Legal",
        "owner_supporting": "HR",
        "domain": "Employment Lifecycle"
      },
      {
        "id": "HR-SOP-004",
        "title": "Onboarding Day-1 Setup (HR tasks)",
        "owner_primary": "HR",
        "owner_supporting": "IT",
        "domain": "Employment Lifecycle"
      },
      {
        "id": "HR-SOP-005",
        "title": "Probation Confirmation",
        "owner_primary": "HR",
        "owner_supporting": "Line Manager",
        "domain": "Employment Lifecycle"
      },
      {
        "id": "HR-SOP-006",
        "title": "Attendance Exception Handling",
        "owner_primary": "HR",
        "owner_supporting": "IT",
        "domain": "Employment Lifecycle"
      },
      {
        "id": "HR-SOP-007",
        "title": "Leave Balance Update & Audit",
        "owner_primary": "HR",
        "owner_supporting": "Compliance",
        "domain": "Employment Lifecycle"
      },
      {
        "id": "HR-SOP-008",
        "title": "Sick Leave Review & Documentation",
        "owner_primary": "HR",
        "owner_supporting": "Legal",
        "domain": "Employment Lifecycle"
      },
      {
        "id": "HR-SOP-009",
        "title": "Payroll Cutoff Checklist",
        "owner_primary": "Finance",
        "owner_supporting": "HR",
        "domain": "Payroll & Benefits"
      },
      {
        "id": "HR-SOP-010",
        "title": "Payroll Variance Check (month-to-month)",
        "owner_primary": "Finance",
        "owner_supporting": "HR;Compliance",
        "domain": "Payroll & Benefits"
      },
      {
        "id": "HR-SOP-011",
        "title": "Social Insurance Registration / Update",
        "owner_primary": "HR",
        "owner_supporting": "Finance;Legal",
        "domain": "Payroll & Benefits"
      },
      {
        "id": "HR-SOP-012",
        "title": "New Joiner Mandatory Training Assignment",
        "owner_primary": "HR",
        "owner_supporting": "IT;Compliance",
        "domain": "Security & Access Lifecycle (HR-IT Shared)"
      },
      {
        "id": "HR-SOP-013",
        "title": "Disciplinary Warning Letter Issuance",
        "owner_primary": "HR",
        "owner_supporting": "Legal",
        "domain": "HR Governance & Compliance"
      },
      {
        "id": "HR-SOP-014",
        "title": "Grievance Intake + Tracking",
        "owner_primary": "HR",
        "owner_supporting": "Compliance;Legal",
        "domain": "HR Governance & Compliance"
      },
      {
        "id": "HR-SOP-015",
        "title": "Harassment Complaint Intake (confidential handling)",
        "owner_primary": "HR",
        "owner_supporting": "Legal;Compliance",
        "domain": "HR Governance & Compliance"
      },
      {
        "id": "HR-SOP-016",
        "title": "Exit Clearance Workflow (HR/IT/Admin/Finance)",
        "owner_primary": "HR",
        "owner_supporting": "IT;Finance;Admin",
        "domain": "Security & Access Lifecycle (HR-IT Shared)"
      },
      {
        "id": "HR-SOP-017",
        "title": "Final Settlement Checklist",
        "owner_primary": "Finance",
        "owner_supporting": "HR;Legal",
        "domain": "Payroll & Benefits"
      },
      {
        "id": "HR-SOP-018",
        "title": "Access Removal Trigger to IT (JML)",
        "owner_primary": "HR",
        "owner_supporting": "IT",
        "domain": "Security & Access Lifecycle (HR-IT Shared)"
      },
      {
        "id": "HR-SOP-019",
        "title": "HR Monthly Compliance Calendar",
        "owner_primary": "Compliance",
        "owner_supporting": "HR;Legal",
        "domain": "HR Governance & Compliance"
      },
      {
        "id": "HR-SOP-020",
        "title": "HR Vendor Contract Renewal & Evaluation",
        "owner_primary": "Compliance",
        "owner_supporting": "HR;Legal",
        "domain": "Third Parties & Outsourcing (HR)"
      }
    ],
    "REGISTER": [
      {
        "id": "HR-REG-001",
        "title": "HR Policy Register",
        "owner_primary": "HR",
        "owner_supporting": "Compliance;Legal",
        "domain": "HR Governance & Compliance"
      },
      {
        "id": "HR-REG-002",
        "title": "HR Legal Obligations Register",
        "owner_primary": "Compliance",
        "owner_supporting": "HR;Legal",
        "domain": "HR Governance & Compliance"
      },
      {
        "id": "HR-REG-003",
        "title": "Recruitment Register",
        "owner_primary": "HR",
        "owner_supporting": "Compliance",
        "domain": "Employment Lifecycle"
      },
      {
        "id": "HR-REG-004",
        "title": "Training Register (mandatory + role-based)",
        "owner_primary": "HR",
        "owner_supporting": "IT;Compliance",
        "domain": "Security & Access Lifecycle (HR-IT Shared)"
      },
      {
        "id": "HR-REG-005",
        "title": "Disciplinary & Grievance Register",
        "owner_primary": "HR",
        "owner_supporting": "Legal;Compliance",
        "domain": "HR Governance & Compliance"
      },
      {
        "id": "HR-REG-006",
        "title": "Conflict of Interest Register",
        "owner_primary": "Compliance",
        "owner_supporting": "HR;Legal",
        "domain": "HR Governance & Compliance"
      },
      {
        "id": "HR-REG-007",
        "title": "Gifts & Hospitality Register (if HR maintains)",
        "owner_primary": "Compliance",
        "owner_supporting": "HR",
        "domain": "HR Governance & Compliance"
      },
      {
        "id": "HR-REG-008",
        "title": "Employee Master Data Change Log",
        "owner_primary": "HR",
        "owner_supporting": "IT;Compliance",
        "domain": "HR Data Privacy & Records"
      },
      {
        "id": "HR-REG-009",
        "title": "Leave Register",
        "owner_primary": "HR",
        "owner_supporting": "Compliance",
        "domain": "Employment Lifecycle"
      },
      {
        "id": "HR-REG-010",
        "title": "H&S Incident Register",
        "owner_primary": "HR",
        "owner_supporting": "HSE;Compliance",
        "domain": "Health, Safety & Wellbeing"
      },
      {
        "id": "HR-REG-011",
        "title": "Access Authorization Register (HR approvals)",
        "owner_primary": "IT",
        "owner_supporting": "HR;Compliance",
        "domain": "Security & Access Lifecycle (HR-IT Shared)"
      },
      {
        "id": "HR-REG-012",
        "title": "HR Vendor Register (DD + DPAs + risk rating)",
        "owner_primary": "Compliance",
        "owner_supporting": "HR;Legal",
        "domain": "Third Parties & Outsourcing (HR)"
      }
    ],
    "FORM": [
      {
        "id": "HR-FRM-001",
        "title": "Job Requisition Form",
        "owner_primary": "HR",
        "owner_supporting": "Finance;Compliance",
        "domain": "Employment Lifecycle"
      },
      {
        "id": "HR-FRM-002",
        "title": "Interview Scorecard",
        "owner_primary": "HR",
        "owner_supporting": "Compliance",
        "domain": "Employment Lifecycle"
      },
      {
        "id": "HR-FRM-003",
        "title": "Candidate Evaluation Summary",
        "owner_primary": "HR",
        "owner_supporting": "Compliance",
        "domain": "Employment Lifecycle"
      },
      {
        "id": "HR-FRM-004",
        "title": "Offer Letter Template",
        "owner_primary": "HR",
        "owner_supporting": "Legal",
        "domain": "Employment Lifecycle"
      },
      {
        "id": "HR-FRM-005",
        "title": "Employment Contract Templates (set)",
        "owner_primary": "Legal",
        "owner_supporting": "HR",
        "domain": "Employment Lifecycle"
      },
      {
        "id": "HR-FRM-006",
        "title": "Onboarding Checklist (role-based)",
        "owner_primary": "HR",
        "owner_supporting": "IT",
        "domain": "Employment Lifecycle"
      },
      {
        "id": "HR-FRM-007",
        "title": "Probation Review Form",
        "owner_primary": "HR",
        "owner_supporting": "Line Manager",
        "domain": "Employment Lifecycle"
      },
      {
        "id": "HR-FRM-008",
        "title": "Leave Request Form",
        "owner_primary": "HR",
        "owner_supporting": "Line Manager",
        "domain": "Employment Lifecycle"
      },
      {
        "id": "HR-FRM-009",
        "title": "Overtime Request Form",
        "owner_primary": "HR",
        "owner_supporting": "Line Manager;Finance",
        "domain": "Employment Lifecycle"
      },
      {
        "id": "HR-FRM-010",
        "title": "Performance Review Form",
        "owner_primary": "HR",
        "owner_supporting": "Line Manager",
        "domain": "Employment Lifecycle"
      },
      {
        "id": "HR-FRM-011",
        "title": "Training Request Form",
        "owner_primary": "HR",
        "owner_supporting": "Line Manager;Compliance",
        "domain": "Employment Lifecycle"
      },
      {
        "id": "HR-FRM-012",
        "title": "Disciplinary Notice Templates (warnings)",
        "owner_primary": "HR",
        "owner_supporting": "Legal",
        "domain": "HR Governance & Compliance"
      },
      {
        "id": "HR-FRM-013",
        "title": "Grievance Form",
        "owner_primary": "HR",
        "owner_supporting": "Legal;Compliance",
        "domain": "HR Governance & Compliance"
      },
      {
        "id": "HR-FRM-014",
        "title": "Investigation Report Template (HR)",
        "owner_primary": "HR",
        "owner_supporting": "Legal;Compliance",
        "domain": "HR Governance & Compliance"
      },
      {
        "id": "HR-FRM-015",
        "title": "Exit Checklist / Clearance Form",
        "owner_primary": "HR",
        "owner_supporting": "IT;Finance;Admin",
        "domain": "Employment Lifecycle"
      },
      {
        "id": "HR-FRM-016",
        "title": "Exit Interview Form",
        "owner_primary": "HR",
        "owner_supporting": "Line Manager",
        "domain": "Employment Lifecycle"
      },
      {
        "id": "HR-FRM-017",
        "title": "Final Settlement Checklist",
        "owner_primary": "Finance",
        "owner_supporting": "HR;Legal",
        "domain": "Payroll & Benefits"
      },
      {
        "id": "HR-FRM-018",
        "title": "Confidentiality & Data Protection Acknowledgment",
        "owner_primary": "Legal",
        "owner_supporting": "HR;IT",
        "domain": "HR Data Privacy & Records"
      },
      {
        "id": "HR-FRM-019",
        "title": "Conflict of Interest Declaration",
        "owner_primary": "Compliance",
        "owner_supporting": "HR;Legal",
        "domain": "HR Governance & Compliance"
      },
      {
        "id": "HR-FRM-020",
        "title": "Code of Conduct Acknowledgment",
        "owner_primary": "Compliance",
        "owner_supporting": "HR",
        "domain": "HR Governance & Compliance"
      }
    ]
  }
}